<mvc:View 
	controllerName="demo.minsk.controller.App" 
	xmlns:html="http://www.w3.org/1999/xhtml" 
	xmlns:mvc="sap.ui.core.mvc"
	displayBlock="true" 
	xmlns="sap.m"
	xmlns:c="sap.ui.core"
	xmlns:l="sap.ui.layout"
	xmlns:f="sap.ui.layout.form"
	xmlns:viz="sap.viz.ui5.controls"
	xmlns:viz.feeds="sap.viz.ui5.controls.common.feeds" 
	xmlns:viz.data="sap.viz.ui5.data">
	<App>
		<pages>
			<Page title="{i18n>title}">
				<content>
					<IconTabBar
						id="idTopLevelIconTabBar"
						stretchContentHeight="true" >
						<items>
							<!-- Just a simple data -->
							<IconTabFilter id="productsTab" text="{i18n>dataTab}" visible="false">
							</IconTabFilter>
							<!-- iot chart graph -->
							<IconTabFilter id="chart" text="Room monitor">
								<content>
								<l:FixFlex id='chartFixFlex' minFlexSize="250">
									<l:fixContent>
										<Panel>
											<HBox>
												<f:SimpleForm 
													maxContainerCols="2" 
													layout="ResponsiveGridLayout" 
													labelSpanL="3" 
													labelSpanM="3" 
													emptySpanL="1" 
													emptySpanM="1" 
													columnsL="1"
													columnsM="1" 
													editable="true" 
													class="editableForm" 
													backgroundDesign="Transparent">
													
													<f:content>
														<Label text="{i18n>labelDevices}" required="true"/>
														<HBox width="100%">
															<Select 
																items="{devices>/}" 
																selectedKey="{viewModel>/selectedDeviceId}" 
																change="onDeviceChange"
																enabled="{ path: 'devices>/', formatter: '.formatSelectEnablement' }" 
																tooltip="{i18n>tooltipDevices}" 
																width="100%">
																
																<c:Item key="{devices>id}" text="{devices>name}"/>
																<layoutData>
																	<FlexItemData growFactor="1"/>
																</layoutData>
															</Select>
															<Button icon="sap-icon://refresh" press="onRefreshDevicesPressed" class="sapUiTinyMarginBegin" tooltip="{i18n>tooltipRefresh}"/>
														</HBox>
														<Label text="{i18n>labelMsgType}" required="true"/>
														<Select 
															items="{viewModel>/messageTypes}" 
															selectedKey="{viewModel>/selectedMessageTypeId}" 
															change="onMessageTypeChange"
															enabled="{ path: 'viewModel>/messageTypes', formatter: '.formatSelectEnablement' }" 
															tooltip="{i18n>tooltipMsgTypes}">
															
															<c:Item key="{viewModel>id}" text="{viewModel>name}"/>
														</Select>
														<Label text="{i18n>labelMeasures}" required="true"/>
														<MultiComboBox 
															id="measureSelection" 
															items="{viewModel>/measures}" 
															selectionChange="onMeasureSelectionChanged"
															enabled="{ path: 'viewModel>/', formatter: '.formatSelectEnablement' }" 
															tooltip="{i18n>tooltipMeasure}" 
															valueState="Error"
															valueStateText="{i18n>selectError}">
															
															<c:Item key="{viewModel>position}" text="{viewModel>name}"/>
														</MultiComboBox>
													</f:content>
													<f:layoutData>
														<FlexItemData growFactor="3"/>
													</f:layoutData>
												</f:SimpleForm>
												<f:SimpleForm 
													maxContainerCols="2" 
													layout="ResponsiveGridLayout" 
													labelSpanL="3" 
													labelSpanM="3" 
													emptySpanL="0" 
													emptySpanM="0" 
													columnsL="1"
													columnsM="1" 
													editable="true" 
													class="editableForm" 
													backgroundDesign="Transparent">
													
													<f:content>
														<Label text="{i18n>labelAutoRefresh}"/>
														<Switch id="autoRefreshSwitch" state="{viewModel>/autoRefresh}" change="onAutoRefreshChanged"></Switch>
														<Label text="{i18n>labelValueCount}"/>
														<RadioButtonGroup 
															buttons="{viewModel>/shownValueCounts}" 
															columns="{= ${viewModel>/shownValueCounts}.length}"
															selectedIndex="{ path: 'viewModel>/shownValueCount', type: 'coil.supa.ShownValueCountToIndexConverter' }"
															select="onShownValueCountChanged">
															
															<RadioButton text="{viewModel>}"></RadioButton>
														</RadioButtonGroup>
													</f:content>
													<f:layoutData>
														<FlexItemData growFactor="1"/>
													</f:layoutData>
												</f:SimpleForm>
											</HBox>
										</Panel>
									</l:fixContent>
									<l:flexContent>
										<viz:VizFrame id="idVizFrame" height="100%" width="100%" vizType="timeseries_line" uiConfig='{applicationSet:"fiori"}'>
											<viz:feeds>
												<viz.feeds:FeedItem uid="timeAxis" type="Dimension" values="timestamp"/>
											</viz:feeds>
										</viz:VizFrame>
									</l:flexContent>
								</l:FixFlex>
								</content>
							</IconTabFilter>
						</items>
					</IconTabBar>
				</content>
			</Page>
		</pages>
	</App>
</mvc:View>