{
  "welcomeFile": "/webapp/index.html",
  "routes": [
    {
      "path": "/resources",
      "target": {
        "type": "service",
        "name": "sapui5",
        "entryPath": "/resources"
      },
      "description": "SAPUI5 Resources"
    },
    {
      "path": "/test-resources",
      "target": {
        "type": "service",
        "name": "sapui5",
        "entryPath": "/test-resources"
      },
      "description": "SAPUI5 Test Resources"
    },
    {
      "path": "/iotmms",
      "target": {
        "type": "destination",
        "name": "iotmms"
      },
      "description": "MMS Destination"
    },
    {
      "path": "/iotrdms",
      "target": {
        "type": "destination",
        "name": "iotrdms"
      },
      "description": "RDMS Destination"
    },
    {
      "path": "/GoogleCharts",
      "target": {
        "type": "destination",
        "name": "GoogleCharts",
        "entryPath": "/"
      },
      "description": "Google Charts API"
    }
  ],
  "sendWelcomeFileRedirect": true
}