{
	"Products": [
		{
			"ProductId": "1",
			"Name": "Молоко домик в деревне 3.5%",
			"Category": "Молочные",
			"SupplierName": "Поставщик",
			"Description": "Так себе",
			"WeightMeasure": 1467,
			"WeightUnit": "g",
			"Price": 956.49,
			"CurrencyCode": "BYN",
			"Status": "Available",
			"Quantity": 3,
			"ProductPicUrl": ""
		},
		{
			"ProductId": "2",
			"Name": "Мороженное '28 копеек' пломбир",
			"Category": "Мороженое",
			"SupplierName": "Поставщик",
			"Description": "Вкусно",
			"WeightMeasure": 70,
			"WeightUnit": "g",
			"Price": 0.79,
			"CurrencyCode": "BYN",
			"Status": "Available",
			"Quantity": 3,
			"ProductPicUrl": ""
		},
		{
			"ProductId": "3",
			"Name": "мороженное рожок",
			"Category": "мороженое",
			"SupplierName": "Поставщик",
			"Description": "A very powerful projector with special features for Internet usability, USB",
			"WeightMeasure": 1467,
			"WeightUnit": "g",
			"Price": 856.49,
			"CurrencyCode": "BYN",
			"Status": "Available",
			"Quantity": 3,
			"ProductPicUrl": ""
		},
		{
			"ProductId": "4",
			"Name": "мороженное nestle super",
			"Category": "молоко",
			"SupplierName": "Поставщик",
			"Description": "A very powerful projector with special features for Internet usability, USB",
			"WeightMeasure": 1467,
			"WeightUnit": "g",
			"Price": 856.49,
			"CurrencyCode": "BYN",
			"Status": "Available",
			"Quantity": 3,
			"ProductPicUrl": ""
		},
		{
			"ProductId": "5",
			"Name": "творог аладушкин 300г",
			"Category": "творожные",
			"SupplierName": "Поставщик",
			"Description": "A very powerful projector with special features for Internet usability, USB",
			"WeightMeasure": 1467,
			"WeightUnit": "g",
			"Price": 856.49,
			"CurrencyCode": "BYN",
			"Status": "Available",
			"Quantity": 3,
			"ProductPicUrl": ""
		},
		{
			"ProductId": "6",
			"Name": "ряженка класс. 400г",
			"Category": "кисломолочные",
			"SupplierName": "Поставщик",
			"Description": "A very powerful projector with special features for Internet usability, USB",
			"WeightMeasure": 1467,
			"WeightUnit": "g",
			"Price": 856.49,
			"CurrencyCode": "BYN",
			"Status": "Available",
			"Quantity": 3,
			"ProductPicUrl": ""
		},
		{
			"ProductId": "7",
			"Name": "сырок в глазури аладушкин",
			"Category": "творожные",
			"SupplierName": "Поставщик",
			"Description": "A very powerful projector with special features for Internet usability, USB",
			"WeightMeasure": 1467,
			"WeightUnit": "g",
			"Price": 856.49,
			"CurrencyCode": "BYN",
			"Status": "Available",
			"Quantity": 3,
			"ProductPicUrl": ""
		},
		{
			"ProductId": "8",
			"Name": "кефир класс. аладушкин",
			"Category": "кисломолочные",
			"SupplierName": "Поставщик",
			"Description": "A very powerful projector with special features for Internet usability, USB",
			"WeightMeasure": 1467,
			"WeightUnit": "g",
			"Price": 856.49,
			"CurrencyCode": "BYN",
			"Status": "Available",
			"Quantity": 3,
			"ProductPicUrl": ""
		},
		{
			"ProductId": "9",
			"Name": "молоко рузское 1.5%",
			"Category": "молоко",
			"SupplierName": "Поставщик",
			"Description": "",
			"WeightMeasure": 1467,
			"WeightUnit": "g",
			"Price": 856.49,
			"CurrencyCode": "BYN",
			"Status": "Available",
			"Quantity": 3,
			"ProductPicUrl": ""
		},
		{
			"ProductId": "10",
			"Name": "суфле в шоколаде александров",
			"Category": "молоко",
			"SupplierName": "Поставщик",
			"Description": "A very powerful projector with special features for Internet usability, USB",
			"WeightMeasure": 1467,
			"WeightUnit": "g",
			"Price": 856.49,
			"CurrencyCode": "BYN",
			"Status": "Available",
			"Quantity": 3,
			"ProductPicUrl": ""
		},
		{
			"ProductId": "11",
			"Name": "творожок александров",
			"Category": "молоко",
			"SupplierName": "Поставщик",
			"Description": "A very powerful projector with special features for Internet usability, USB",
			"WeightMeasure": 1467,
			"WeightUnit": "g",
			"Price": 856.49,
			"CurrencyCode": "BYN",
			"Status": "Available",
			"Quantity": 3,
			"ProductPicUrl": ""
		},
		{
			"ProductId": "12",
			"Name": "кефир александров",
			"Category": "молоко",
			"SupplierName": "Поставщик",
			"Description": "A very powerful projector with special features for Internet usability, USB",
			"WeightMeasure": 1467,
			"WeightUnit": "g",
			"Price": 856.49,
			"CurrencyCode": "BYN",
			"Status": "Available",
			"Quantity": 3,
			"ProductPicUrl": ""
		},
				{
			"ProductId": "13",
			"Name": "молоко александров",
			"Category": "молоко",
			"SupplierName": "Поставщик",
			"Description": "A very powerful projector with special features for Internet usability, USB",
			"WeightMeasure": 1467,
			"WeightUnit": "g",
			"Price": 856.49,
			"CurrencyCode": "BYN",
			"Status": "Available",
			"Quantity": 3,
			"ProductPicUrl": ""
		},
				{
			"ProductId": "14",
			"Name": "мороженное эскимо в шок.",
			"Category": "молоко",
			"SupplierName": "Поставщик",
			"Description": "A very powerful projector with special features for Internet usability, USB",
			"WeightMeasure": 1467,
			"WeightUnit": "g",
			"Price": 856.49,
			"CurrencyCode": "BYN",
			"Status": "Available",
			"Quantity": 3,
			"ProductPicUrl": ""
		},
				{
			"ProductId": "15",
			"Name": "Мороженное 'То самое' СССР",
			"Category": "Мороженое",
			"SupplierName": "Поставщик",
			"Description": "Нормально.",
			"WeightMeasure": 67,
			"WeightUnit": "g",
			"Price": 1.09,
			"CurrencyCode": "BYN",
			"Status": "Available",
			"Quantity": 3,
			"ProductPicUrl": ""
		},
				{
			"ProductId": "16",
			"Name": "мороженное пломбир золото",
			"Category": "молоко",
			"SupplierName": "Поставщик",
			"Description": "Странно как-то",
			"WeightMeasure": 1467,
			"WeightUnit": "g",
			"Price": 856.49,
			"CurrencyCode": "BYN",
			"Status": "Available",
			"Quantity": 3,
			"ProductPicUrl": ""
		},
		{
			"ProductId": "17",
			"Name": "Мороженное Пломбир, стаканчик",
			"Category": "Мороженое",
			"SupplierName": "Поставщик",
			"Description": "Холодное",
			"WeightMeasure": 1467,
			"WeightUnit": "g",
			"Price": 856.49,
			"CurrencyCode": "BYN",
			"Status": "Available",
			"Quantity": 3,
			"ProductPicUrl": ""
		},
		{
			"ProductId": "18",
			"Name": "Молоко Останкино 5%",
			"Category": "Молочные",
			"SupplierName": "Поставщик",
			"Description": "Действительно, 5%",
			"WeightMeasure": 1467,
			"WeightUnit": "g",
			"Price": 0.92,
			"CurrencyCode": "BYN",
			"Status": "Available",
			"Quantity": 3,
			"ProductPicUrl": ""
		}
	]
}